state,GOP,DEM,pollster,population,sample_size,start_date,end_date
US,49,45,AP/Ipsos,rv,804,7/5/2004,7/7/2004
US,44,49,CBS News,rv,462,7/6/2004,7/6/2004
US,43,47,IBD/TIPP,rv,800,7/6/2004,7/10/2004
US,44,49,IBD/TIPP,rv,800,7/6/2004,7/10/2004
US,41,49,NBC News,rv,504,7/6/2004,7/6/2004
US,43,54,NBC News,rv,504,7/6/2004,7/6/2004
US,45,49,Time,lv,774,7/6/2004,7/8/2004
US,45,47,Time,lv,774,7/6/2004,7/8/2004
US,44,46,Zogby,lv,1008,7/6/2004,7/7/2004
US,45,47,Zogby,lv,1008,7/6/2004,7/7/2004
US,45,50,CNN/USAT/Gallup,lv,706,7/8/2004,7/11/2004
US,46,50,CNN/USAT/Gallup,lv,706,7/8/2004,11/4/2004
US,44,47,Newsweek,rv,1001,7/8/2004,7/9/2004
US,45,51,Newsweek,rv,1001,7/8/2004,7/9/2004
US,44,46,Pew Research,rv,1568,7/8/2004,7/18/2004
US,46,46,Wash Post/ABC,rv,721,7/8/2004,7/11/2004
US,45,48,Dem Corps,lv,1010,7/10/2004,7/13/2004
US,46,51,Dem Corps,lv,1010,7/10/2004,7/13/2004
US,42,45,CBS/NYT,rv,823,7/11/2004,7/15/2004
US,44,49,CBS/NYT,rv,823,7/11/2004,7/15/2004
US,40,42,IBD/TIPP,rv,842,7/12/2004,7/17/2004
US,41,44,IBD/TIPP,rv,842,7/12/2004,7/17/2004
US,44,45,Marist,rv,938,7/12/2004,7/15/2004
US,44,46,LA Times,rv,1529,7/17/2004,7/21/2004
US,46,48,LA Times,rv,1529,7/17/2004,7/21/2004
US,46,47,NPR - POS/GQR,lv,800,7/18/2004,7/20/2004
US,43,46,Quinnipiac,rv,1551,7/18/2004,7/22/2004
US,43,44,Quinnipiac,rv,1551,7/18/2004,7/22/2004
US,46,47,CNN/USAT/Gallup,lv,709,7/19/2004,7/21/2004
US,47,49,CNN/USAT/Gallup,lv,709,7/19/2004,7/21/2004
US,42,44,IBD/TIPP,rv,883,7/19/2004,7/24/2004
US,43,46,IBD/TIPP,rv,883,7/19/2004,7/24/2004
US,47,45,NBC/WSJ,rv,813,7/19/2004,7/21/2004
US,43,44,Fox News,lv,767,7/20/2004,7/21/2004
US,44,45,Fox News,lv,767,7/20/2004,7/21/2004
US,43,46,Time/SRBI,rv,1000,7/20/2004,7/22/2004
US,44,48,Time/SRBI,lv,882,7/20/2004,7/22/2004
US,48,46,ABC/Wash Post,rv,909,7/22/2004,7/25/2004
US,49,48,ABC/Wash Post,rv,909,7/22/2004,7/25/2004
US,43,48,Zogby,lv,1001,7/26/2004,7/29/2004
US,42,49,Newsweek,rv,1010,7/29/2004,7/30/2004
US,44,52,Newsweek,rv,1010,7/29/2004,7/30/2004
US,45,49,ARG,rv,776,7/30/2004,8/1/2004
US,46,49,ARG,rv,776,7/30/2004,8/1/2004
US,47,47,Marist,lv,573,7/30/2004,8/2/2004
US,43,49,CBS News,rv,991,7/31/2004,8/1/2004
US,43,48,CBS News,rv,991,7/31/2004,8/1/2004
US,44,49,Dem Corps,lv,1013,8/2/2004,8/5/2004
US,45,52,Dem Corps,lv,1013,8/2/2004,8/5/2004
US,42,45,IBD/TIPP,rv,841,8/2/2004,8/5/2004
US,43,49,IBD/TIPP,rv,841,8/2/2004,8/5/2004
US,45,48,AP/Ipsos,rv,798,8/3/2004,8/5/2004
US,43,48,Fox News,lv,775,8/3/2004,8/4/2004
US,43,47,Fox News,lv,775,8/3/2004,8/4/2004
US,43,48,Time/SRBI,lv,758,8/3/2004,8/5/2004
US,45,47,Pew Research,rv,1166,8/5/2004,8/10/2004
US,48,46,Gallup,lv,729,8/9/2004,8/11/2004
US,50,47,Gallup,lv,729,8/9/2004,8/11/2004
US,47,47,Harris,lv,1012,8/10/2004,8/15/2004
US,43,50,Zogby,lv,1011,8/12/2004,8/14/2004
US,43,47,Zogby,lv,1011,8/12/2004,8/14/2004
US,43,44,Battleground Poll,lv,1000,8/15/2004,8/17/2004
US,47,49,Battleground Poll,lv,1000,8/15/2004,8/17/2004
US,44,47,CBS News,rv,835,8/15/2004,8/18/2004
US,45,46,CBS News,rv,835,8/15/2004,8/18/2004
US,43,43,IBD/TIPP,rv,884,8/17/2004,8/23/2004
US,44,44,IBD/TIPP,rv,884,8/17/2004,8/23/2004
US,47,44,LA Times,rv,1352,8/21/2004,8/24/2004
US,49,46,LA Times,rv,1352,8/21/2004,8/24/2004
US,43,47,NPR - POS/GQR,lv,800,8/21/2004,8/24/2004
US,45,50,NPR - POS/GQR,lv,800,8/21/2004,8/24/2004
US,48,46,CNN/USAT/Gallup,lv,709,8/23/2004,8/25/2004
US,50,47,CNN/USAT/Gallup,lv,709,8/23/2004,8/25/2004
US,47,45,NBC/WSJ,rv,806,8/23/2004,8/25/2004
US,47,46,Rasmussen,lv,1500,8/23/2004,8/25/2004
US,43,44,Fox News,lv,1000,8/24/2004,8/25/2004
US,44,45,Fox News,lv,1000,8/24/2004,8/25/2004
US,46,46,Time,lv,835,8/24/2004,8/26/2004
US,46,44,Time,lv,835,8/24/2004,8/26/2004
US,48,48,ABC/Wash Post,lv,775,8/26/2004,8/29/2004
US,49,49,ABC/Wash Post,lv,775,8/26/2004,8/29/2004
US,47,47,ARG,lv,800,8/30/2004,9/1/2004
US,48,47,ARG,lv,800,8/30/2004,9/1/2004
US,46,44,Zogby,lv,1001,8/30/2004,9/2/2004
US,46,43,Zogby,lv,1001,8/30/2004,9/2/2004
US,51,41,Time,lv,926,8/31/2004,9/2/2004
US,52,41,Time,lv,926,8/31/2004,9/2/2004
US,52,41,Newsweek,rv,1008,9/2/2004,9/3/2004
US,54,43,Newsweek,rv,1008,9/2/2004,9/3/2004
US,52,45,CNN/USAT/Gallup,lv,778,9/3/2004,9/5/2004
US,52,45,CNN/USAT/Gallup,lv,778,9/3/2004,9/5/2004
US,49,42,CBS News,rv,909,9/6/2004,9/8/2004
US,50,42,CBS News,rv,909,9/6/2004,9/8/2004
US,51,46,AP/Ipsos,lv,899,9/7/2004,9/9/2004
US,47,45,FOX/Opin. Dyn.,lv,1000,9/7/2004,9/8/2004
US,47,43,FOX/Opin. Dyn.,lv,1000,9/7/2004,9/8/2004
US,46,46,IBD/TIPP,lv,674,9/7/2004,9/12/2004
US,47,47,IBD/TIPP,lv,674,9/7/2004,9/12/2004
US,52,41,Time,lv,857,9/7/2004,9/9/2004
US,54,42,Time,lv,857,9/7/2004,9/9/2004
US,54,38,Pew Research,lv,745,9/8/2004,9/10/2004
US,46,42,Zogby,lv,1018,9/8/2004,9/9/2004
US,47,45,Zogby,lv,1018,9/8/2004,9/9/2004
US,47,48,Harris,lv,867,9/9/2004,9/13/2004
US,49,43,Newsweek,rv,1003,9/9/2004,9/10/2004
US,50,45,Newsweek,rv,1003,9/9/2004,9/10/2004
US,47,46,Pew Research,lv,725,9/11/2004,9/14/2004
US,49,45,Battleground Poll,lv,1000,9/12/2004,9/15/2004
US,49,45,Battleground Poll,lv,1000,9/12/2004,9/15/2004
US,50,42,CBS News,rv,1088,9/12/2004,9/16/2004
US,50,41,CBS News,rv,1048,9/12/2004,9/16/2004
US,54,40,CNN/USAT/Gallup,lv,767,9/13/2004,9/15/2004
US,55,42,CNN/USAT/Gallup,lv,767,9/13/2004,9/15/2004
US,45,42,IBD/TIPP,lv,650,9/14/2004,9/18/2004
US,46,43,IBD/TIPP,lv,650,9/14/2004,9/18/2004
US,50,46,NBC/WSJ,lv,787,9/17/2004,9/19/2004
US,45,42,Pew Research,rv,989,9/17/2004,9/21/2004
US,46,43,Zogby,lv,1066,9/17/2004,9/19/2004
US,47,44,Zogby,lv,1066,9/17/2004,9/19/2004
US,52,45,AP/Ipsos,lv,931,9/20/2004,9/22/2004
US,50,45,Battleground Poll,lv,1000,9/20/2004,9/23/2004
US,50,45,Battleground Poll,lv,1000,9/20/2004,9/23/2004
US,50,41,CBS News,lv,931,9/20/2004,9/22/2004
US,51,42,CBS News,lv,931,9/20/2004,9/22/2004
US,50,44,Marist,lv,630,9/20/2004,9/22/2004
US,45,43,Fox News,lv,1000,9/21/2004,9/22/2004
US,46,42,Fox News,lv,1000,9/21/2004,9/22/2004
US,48,42,Time,lv,877,9/21/2004,9/23/2004
US,49,43,Time,lv,877,9/21/2004,9/23/2004
US,45,46,IBD/TIPP,lv,649,9/22/2004,9/27/2004
US,45,45,IBD/TIPP,lv,649,9/22/2004,9/27/2004
US,48,40,Pew Research,rv,948,9/22/2004,9/26/2004
US,51,45,ABC/Wash Post,lv,810,9/23/2004,9/26/2004
US,52,44,CNN/USAT/Gallup,lv,758,9/24/2004,9/26/2004
US,52,44,CNN/USAT/Gallup,lv,758,9/24/2004,9/26/2004
US,51,46,LA Times,lv,1100,9/25/2004,9/28/2004
US,51,45,LA Times,lv,1100,9/25/2004,9/28/2004
US,51,44,Battleground Poll,lv,1000,9/27/2004,9/30/2004
US,51,44,Battleground Poll,lv,1000,9/27/2004,9/30/2004
US,48,43,SHU Poll Inst.,lv,1003,9/27/2004,10/2/2004
US,45,47,Newsweek,rv,1013,9/30/2004,10/2/2004
US,46,49,Newsweek,rv,1013,9/30/2004,10/2/2004
US,51,46,ABC/Wash Post,lv,1169,10/1/2004,10/3/2004
US,47,47,CBS/NYT,lv,561,10/1/2004,10/3/2004
US,48,47,CBS/NYT,lv,561,10/1/2004,10/3/2004
US,49,49,CNN/USAT/Gallup,lv,772,10/1/2004,10/3/2004
US,49,49,CNN/USAT/Gallup,lv,772,10/1/2004,10/3/2004
US,51,46,ICR,lv,762,10/1/2004,10/5/2004
US,51,45,ICR,lv,762,10/1/2004,10/5/2004
US,49,44,Pew Research,lv,801,10/1/2004,10/3/2004
US,46,45,Zogby,lv,1036,10/1/2004,10/3/2004
US,46,43,Zogby,lv,1036,10/1/2004,10/3/2004
US,46,47,ARG,lv,800,10/2/2004,10/4/2004
US,46,46,ARG,lv,800,10/2/2004,10/4/2004
US,47,45,Fox News,lv,1000,10/3/2004,10/4/2004
US,48,45,Fox News,lv,1000,10/3/2004,10/4/2004
US,49,46,GW/Battleground,lv,1250,10/3/2004,10/7/2004
US,49,46,GW/Battleground,lv,1250,10/3/2004,10/7/2004
US,46,50,AP/Ipsos,lv,944,10/4/2004,10/6/2004
US,49,46,Marist,lv,642,10/4/2004,10/5/2004
US,46,45,Time,lv,886,10/6/2004,10/7/2004
US,47,46,Time,lv,886,10/6/2004,10/7/2004
US,50,46,Rasmussen,lv,3000,10/7/2004,10/9/2004
US,47,46,CBS News,lv,760,10/9/2004,10/11/2004
US,48,45,CBS News,lv,760,10/9/2004,10/11/2004
US,48,50,CNN/USAT/Gallup,lv,793,10/9/2004,10/10/2004
US,48,49,CNN/USAT/Gallup,lv,793,10/9/2004,10/10/2004
US,48,43,ICR,lv,763,10/9/2004,10/11/2004
US,49,46,ICR,lv,763,10/9/2004,10/11/2004
US,45,45,Zogby,lv,1223,10/9/2004,10/11/2004
US,48,48,ABC/Wash Post,lv,1248,10/11/2004,10/13/2004
US,49,46,GW/Battleground,lv,1000,10/11/2004,10/14/2004
US,49,46,GW/Battleground,lv,1000,10/11/2004,10/14/2004
US,47,46,CBS News,lv,678,10/14/2004,10/17/2004
US,47,45,CBS/NYT,lv,678,10/14/2004,10/17/2004
US,52,44,CNN/USAT/Gallup,lv,788,10/14/2004,10/16/2004
US,52,44,CNN/USAT/Gallup,lv,788,10/14/2004,10/16/2004
US,49.5,44.5,Harris,lv,820,10/14/2004,10/17/2004
US,50,44,Newsweek,lv,880,10/14/2004,10/15/2004
US,48,48,Time,lv,865,10/14/2004,10/15/2004
US,48,47,Time,lv,865,10/14/2004,10/15/2004
US,47,47,Pew Research,lv,1070,10/15/2004,10/19/2004
US,51,46,ABC/Wash Post,lv,1237,10/16/2004,10/18/2004
US,48,43,Fox News,lv,1000,10/17/2004,10/18/2004
US,49,42,Fox News,lv,1000,10/17/2004,10/18/2004
US,49,48,Marist,lv,772,10/17/2004,10/19/2004
US,48,47,Rasmussen,lv,3000,10/17/2004,10/19/2004
US,46,49,AP/Ipsos,lv,976,10/18/2004,10/20/2004
US,49,45,GW/Battleground,lv,1000,10/18/2004,10/21/2004
US,49,45,GW/Battleground,lv,1000,10/18/2004,10/21/2004
US,51,46,Time,lv,803,10/19/2004,10/21/2004
US,52,47,Time,lv,803,10/19/2004,10/21/2004
US,48,48,Los Angeles Times,lv,881,10/21/2004,10/24/2004
US,49,48,Los Angeles Times,lv,881,10/21/2004,10/24/2004
US,48,47,Newsweek,lv,880,10/21/2004,10/22/2004
US,48,46,Newsweek,lv,880,10/21/2004,10/22/2004
US,51,46,CNN/USAT/Gallup,lv,1195,10/22/2004,10/24/2004
US,52,46,CNN/USAT/Gallup,lv,1195,10/22/2004,10/24/2004
US,48,45,ICR,lv,741,10/22/2004,10/26/2004
US,51,46,Battleground Poll,lv,1000,10/25/2004,10/28/2004
US,51,46,GW/Battleground,lv,1000,10/25/2004,10/28/2004
US,50,44,Newsweek,lv,882,10/27/2004,10/29/2004
US,51,45,Newsweek,lv,882,10/27/2004,10/29/2004
US,51,48,Pew Research,lv,1925,10/27/2004,10/30/2004
US,49,48,ABC/Wash Post,lv,2904,10/28/2004,10/31/2004
US,48,49,ARG,lv,1258,10/28/2004,10/30/2004
US,48,48,ARG,lv,1258,10/28/2004,10/30/2004
US,49,46,CBS/NYT,lv,643,10/28/2004,10/30/2004
US,50,47,CBS/NYT,lv,643,10/28/2004,10/30/2004
US,49,47,CBS News,lv,939,10/29/2004,11/1/2004
US,49,49,CNN/USAT/Gallup,lv,1573,10/29/2004,10/31/2004
US,49,47,CNN/USAT/Gallup,lv,1573,10/29/2004,10/31/2004
US,49,48,Harris,lv,1509,10/29/2004,11/1/2004
US,48,47,NBC/WSJ,lv,1014,10/29/2004,10/31/2004
US,48,47,Reuters/Zogby,lv,1208,10/29/2004,10/31/2004
US,46,48,Fox News,lv,1200,10/30/2004,10/31/2004
US,46,48,Fox News,lv,1200,10/30/2004,10/31/2004
US,50.2,48.5,Rasmussen,lv,3000,10/30/2004,11/1/2004
US,46.9,44.3,TIPP,lv,936,10/30/2004,11/1/2004
US,50.1,48,TIPP,lv,1041,10/30/2004,11/1/2004
US,50,46,GW/Battleground,lv,1000,10/31/2004,11/1/2004
US,50,46,GW/Battleground,lv,1000,10/31/2004,11/1/2004
US,49,50,Marist,lv,1026,11/1/2004,11/1/2004
KY,55,38,Bluegrass,lv,600,1/30/2004,2/4/2004
MI,46,51,SUSA,rv,724,1/31/2004,2/2/2004
NM,43,46,Albuquerque Jrnl,lv,872,10/1/2004,10/4/2004
NJ,41,49,FDU Public Mind,lv,500,10/1/2004,10/6/2004
MD,42,52,Gonzales Research,rv,801,10/1/2004,10/5/2004
FL,47,49,HB&S,lv,800,10/1/2004,10/4/2004
NJ,46,49,Quinnipiac,lv,819,10/1/2004,10/4/2004
FL,51,44,Quinnipiac,lv,717,10/1/2004,10/5/2004
NJ,42,50,Research 2000,lv,502,10/1/2004,10/1/2004
NJ,41,47,Star-Ledger,lv,571,10/1/2004,10/6/2004
NV,50,46,SurveyUSA,lv,625,10/1/2004,10/3/2004
AL,62,34,SurveyUSA,lv,600,10/1/2004,10/3/2004
NJ,45,50,SUSA,lv,696,10/1/2004,10/3/2004
FL,51,46,SUSA,lv,711,10/1/2004,10/3/2004
PA,43,50,WHYY/WCU,lv,600,10/1/2004,10/4/2004
OK,58,28,Wilson Research,lv,500,10/1/2004,10/3/2004
OR,44,49,ARG,lv,600,10/10/2004,10/12/2004
IA,47,47,ARG,lv,600,10/10/2004,10/12/2004
VT,40,53,Research 2000,lv,403,10/10/2004,10/12/2004
IN,53,40,Research 2000,lv,602,10/10/2004,10/12/2004
SC,55,42,SUSA,lv,563,10/10/2004,10/12/2004
FL,44,45,Univ of North Fl,lv,641,10/10/2004,10/15/2004
AR,46,45,Zogby,lv,503,10/10/2004,10/11/2004
OH,46,48,Ohio Poll,lv,757,10/11/2004,10/17/2004
MI,43,48,Research 2000,lv,600,10/11/2004,10/13/2004
OR,44,50,Research 2000,lv,600,10/11/2004,10/14/2004
AL,56,32,Capital Survey,lv,546,10/12/2004,10/14/2004
WV,47,45,Global Stgy Grp,lv,600,10/12/2004,10/14/2004
OH,47,47,Rasmussen,lv,537,10/12/2004,10/18/2004
SD,52,42,Rasmussen,lv,500,10/12/2004,10/12/2004
NH,45,49,Research 2000,lv,600,10/12/2004,10/14/2004
LA,50,31,Sthrn Media,lv,600,10/12/2004,10/13/2004
MI,40,48,Strategic Vision,lv,801,10/12/2004,10/14/2004
MN,45,47,Strategic Vision,lv,801,10/12/2004,10/14/2004
FL,49,45,Strategic Vision,lv,801,10/12/2004,10/14/2004
GA,58,37,Strategic Vision,lv,801,10/12/2004,10/14/2004
NJ,41,49,FDU Public Mind,lv,503,10/13/2004,10/21/2004
HI,43.3,42.6,Honolulu Advertiser,lv,600,10/13/2004,10/18/2004
CO,47,42,Rcky Mtn News,lv,400,10/13/2004,10/14/2004
LA,50,38,UNO,lv,700,10/13/2004,10/21/2004
GA,51,41,Zogby/AJC,lv,503,10/13/2004,10/15/2004
WV,49,46,Zogby/WSJ,lv,500,10/13/2004,10/18/2004
OH,47,50,ABC News,lv,789,10/14/2004,10/17/2004
IA,45,46,Central Surveys,lv,502,10/14/2004,10/19/2004
CO,51,45,CNN/USAT/Gallup,lv,666,10/14/2004,10/17/2004
CA,40,58,LA Times,lv,925,10/14/2004,10/18/2004
FL,48,45,Mason-Dixon,lv,625,10/14/2004,10/17/2004
CO,49,43,Mason-Dixon,lv,630,10/14/2004,10/16/2004
NJ,45,49,Quinnipiac,lv,786,10/14/2004,10/17/2004
NJ,38,51,Star-Ledger,lv,663,10/14/2004,10/17/2004
NH,41,46,Suffolk Univ,lv,400,10/14/2004,10/17/2004
WI,48,47,UofM HHI,lv,623,10/14/2004,10/19/2004
CO,48,42,Ciruli Assoc,lv,600,10/15/2004,10/19/2004
OR,45,53,CNN/USAT/Gallup,lv,700,10/15/2004,10/18/2004
PA,45,46,Mason-Dixon,lv,625,10/15/2004,10/18/2004
WI,45,45,Mason-Dixon,lv,625,10/15/2004,10/18/2004
MI,46,47,Mason-Dixon,lv,625,10/15/2004,10/18/2004
OH,46,45,Mason-Dixon,lv,625,10/15/2004,10/18/2004
OR,46,47,Mason-Dixon,lv,625,10/15/2004,10/18/2004
MN,47,45,Mason-Dixon,lv,625,10/15/2004,10/18/2004
NH,48,45,Mason-Dixon,lv,625,10/15/2004,10/18/2004
IA,49,43,Mason-Dixon,lv,625,10/15/2004,10/18/2004
MO,49,44,Mason-Dixon,lv,625,10/15/2004,10/18/2004
NM,49,44,Mason-Dixon,lv,625,10/15/2004,10/18/2004
WV,49,44,Mason-Dixon,lv,625,10/15/2004,10/18/2004
NV,52,42,Mason-Dixon,lv,625,10/15/2004,10/18/2004
FL,48,47,Quinnipiac,lv,808,10/15/2004,10/19/2004
LA,47,39,Renwick,lv,600,10/15/2004,10/18/2004
NE,61,32,RKM,lv,1007,10/15/2004,10/20/2004
CA,43,53,SurveyUSA,lv,703,10/15/2004,10/17/2004
PA,45,51,SurveyUSA,lv,619,10/15/2004,10/17/2004
WA,45,52,SurveyUSA,lv,634,10/15/2004,10/17/2004
FL,49,50,SurveyUSA,lv,601,10/15/2004,10/17/2004
NC,50,47,SurveyUSA,lv,627,10/15/2004,10/17/2004
AR,51,46,SurveyUSA,lv,617,10/15/2004,10/17/2004
OK,61,31,Wilson Research,lv,500,10/15/2004,10/17/2004
NM,46,48,ARG,lv,600,10/16/2004,10/18/2004
NH,47,46,ARG,lv,600,10/16/2004,10/18/2004
WI,47,47,ARG,lv,600,10/16/2004,10/19/2004
IL,42,50,Chi Trib/WGN,lv,700,10/16/2004,10/19/2004
WI,50,44,CNN/USAT/Gallup,lv,678,10/16/2004,10/19/2004
NV,45,41,Las Vegas Sun,lv,600,10/16/2004,10/19/2004
PA,46,51,Quinnipiac,lv,841,10/16/2004,10/20/2004
CA,41,50,Strategic Vision,lv,801,10/16/2004,10/18/2004
NJ,43,44,Strategic Vision,lv,801,10/16/2004,10/18/2004
NJ,43,51,SurveyUSA,lv,703,10/16/2004,10/18/2004
OH,47,49,SurveyUSA,lv,698,10/16/2004,10/18/2004
VA,50,46,SurveyUSA,lv,664,10/16/2004,10/18/2004
MO,51,45,SurveyUSA,lv,670,10/16/2004,10/18/2004
NV,52,45,SurveyUSA,lv,585,10/16/2004,10/18/2004
OH,49,44,Fox News,lv,800,10/17/2004,10/18/2004
OH,47,48,Gallup,lv,706,10/17/2004,10/20/2004
PA,46,48,Muhlenberg,rv,787,10/17/2004,10/22/2004
NJ,41,53,Rasmussen,lv,400,10/17/2004,10/30/2004
PA,46,49,Rasmussen,lv,424,10/17/2004,10/23/2004
OH,46,50,Scripps,lv,358,10/17/2004,10/21/2004
HI,46,45,SMS Research,lv,612,10/17/2004,10/20/2004
PA,46,47,Strategic Vision,lv,801,10/17/2004,10/19/2004
WI,49,46,Strategic Vision,lv,801,10/17/2004,10/19/2004
ME,45,51,SurveyUSA,lv,660,10/17/2004,10/19/2004
AZ,54,43,SurveyUSA,lv,616,10/17/2004,10/19/2004
IN,59,37,SurveyUSA,lv,602,10/17/2004,10/19/2004
KY,59,37,SurveyUSA,lv,629,10/17/2004,10/19/2004
TN,60,38,SurveyUSA,lv,615,10/17/2004,10/19/2004
AR,48,48,AR News/Op Res,lv,500,10/18/2004,10/20/2004
AZ,47,40,Arizona Republic,lv,600,10/18/2004,10/19/2004
KY,56,39,Bluegrass,lv,690,10/18/2004,10/20/2004
MI,43,49,EPIC/MRA,lv,610,10/18/2004,10/21/2004
NH,41,50,Franklin-Pierce,lv,453,10/18/2004,10/21/2004
NC,48,40,JLF/Tel Opn Res,lv,600,10/18/2004,10/20/2004
MT,57,36,Mason-Dixon,lv,625,10/18/2004,10/20/2004
NC,51,43,Mason-Dixon,lv,625,10/18/2004,10/19/2004
ND,55,35,MSU/WDAY,lv,623,10/18/2004,10/18/2004
NH,47,49,Rasmussen,lv,500,10/18/2004,10/18/2004
CO,50,45,Rasmussen,lv,500,10/18/2004,10/18/2004
FL,47,48,Research 2000,lv,600,10/18/2004,10/21/2004
FL,49,46,Strategic Vision,lv,801,10/18/2004,10/20/2004
MI,44,51,SurveyUSA,lv,668,10/18/2004,10/20/2004
IA,51,45,SurveyUSA,lv,690,10/18/2004,10/20/2004
CO,52,45,SurveyUSA,lv,596,10/18/2004,10/20/2004
GA,57,40,SurveyUSA,lv,609,10/18/2004,10/20/2004
OK,64,34,SurveyUSA,lv,627,10/18/2004,10/20/2004
TN,53,41,Mason-Dixon,lv,625,10/19/2004,10/21/2004
SD,55,36,Mason-Dixon,lv,800,10/19/2004,10/21/2004
OR,43,49,Research 2000,lv,600,10/19/2004,10/21/2004
NV,49,47,Research 2000,lv,600,10/19/2004,10/21/2004
FL,46,46,SPT/Miami Herald,lv,800,10/19/2004,10/21/2004
FL,47,49,ARG,lv,600,10/2/2004,10/5/2004
AZ,48,38,Arizona Republic,lv,602,10/2/2004,10/4/2004
MN,43,50,Hart Research,rv,801,10/2/2004,10/4/2004
NM,45,49,Hart Research,rv,802,10/2/2004,10/4/2004
WI,47,48,Rasmussen,lv,500,10/2/2004,10/15/2004
WA,43,54,SurveyUSA,lv,640,10/2/2004,10/4/2004
CA,43,51,SurveyUSA,lv,748,10/2/2004,10/4/2004
OH,48,49,SurveyUSA,lv,761,10/2/2004,10/4/2004
MO,49,47,SurveyUSA,lv,683,10/2/2004,10/4/2004
NC,52,45,SurveyUSA,lv,628,10/2/2004,10/4/2004
OH,50,50,Columbus Dispatch,lv,2880,10/20/2004,10/29/2004
MI,46,51,Rasmussen,lv,561,10/20/2004,10/26/2004
FL,48,48,Rasmussen,lv,567,10/20/2004,10/26/2004
OH,50,46,Rasmussen,lv,537,10/20/2004,10/26/2004
VA,49,40,Times Dispatch,lv,751,10/20/2004,10/26/2004
FL,51,43,CNN/USAT/Gallup,lv,601,10/21/2004,10/24/2004
UT,69,24,Deseret News,lv,1228,10/21/2004,10/28/2004
NJ,40,47,FDU Public Mind,lv,549,10/21/2004,10/28/2004
CA,42,49,Field Poll,lv,1086,10/21/2004,10/27/2004
NJ,46,46,Quinnipiac,lv,852,10/21/2004,10/25/2004
IL,41,53,Research 2000,lv,800,10/21/2004,10/23/2004
UT,68,23,Salt Lake Trib,rv,1200,10/21/2004,10/26/2004
ME,39,50,Zogby,lv,402,10/21/2004,10/22/2004
MO,49,45,KC Star,lv,553,10/22/2004,10/26/2004
KS,59,30,KC Star,lv,573,10/22/2004,10/26/2004
OH,44,50,LA Times,lv,585,10/22/2004,10/26/2004
PA,48,48,LA Times,lv,585,10/22/2004,10/26/2004
FL,51,43,LA Times,lv,510,10/22/2004,10/26/2004
VA,50,44,Mason-Dixon,lv,625,10/22/2004,10/25/2004
PA,49,47,Quinnipiac,lv,909,10/22/2004,10/26/2004
FL,49,46,Quinnipiac,lv,944,10/22/2004,10/26/2004
MO,48,45,Research 2000,lv,800,10/22/2004,10/24/2004
IN,56,40,Research 2000,lv,600,10/22/2004,10/24/2004
OH,47,45,Strategic Vision,lv,801,10/22/2004,10/24/2004
FL,49,47,Strategic Vision,lv,801,10/22/2004,10/24/2004
WI,49,44,Strategic Vision,lv,801,10/22/2004,10/24/2004
FL,48,50,SurveyUSA,lv,749,10/22/2004,10/24/2004
NC,54,44,SurveyUSA,lv,694,10/22/2004,10/24/2004
SC,57,39,SUSA,lv,564,10/22/2004,10/24/2004
PA,47,48,Temple Univ,lv,1488,10/22/2004,10/27/2004
OK,61,28,Wilson Research,lv,500,10/22/2004,10/24/2004
FL,46,49,ARG,lv,600,10/23/2004,10/25/2004
OH,47,49,ARG,lv,600,10/23/2004,10/25/2004
PA,47,50,ARG,lv,600,10/23/2004,10/25/2004
WI,48,45,Badger Poll,lv,545,10/23/2004,10/27/2004
PA,47,50,CNN/USAT/Gallup,lv,585,10/23/2004,10/26/2004
IA,50,46,CNN/USAT/Gallup,lv,649,10/23/2004,10/26/2004
FL,47,48,Fla Poll/NYT Rgnl,lv,802,10/23/2004,10/27/2004
NV,49,47,Rasmussen,lv,500,10/23/2004,10/23/2004
CA,44,53,SurveyUSA,lv,743,10/23/2004,10/25/2004
WA,45,51,SurveyUSA,lv,618,10/23/2004,10/25/2004
PA,45,53,SurveyUSA,lv,803,10/23/2004,10/25/2004
OH,47,50,SurveyUSA,lv,831,10/23/2004,10/25/2004
AR,51,45,SurveyUSA,lv,649,10/23/2004,10/25/2004
MO,52,45,SurveyUSA,lv,680,10/23/2004,10/25/2004
PA,45,50,West Chester Univ,lv,684,10/23/2004,10/27/2004
MN,47,44,Humphrey Inst,lv,690,10/24/2004,10/27/2004
MD,41,52,Mason-Dixon,lv,625,10/24/2004,10/26/2004
WA,44,50,Strategic Vision,lv,801,10/24/2004,10/26/2004
MI,47,47,Strategic Vision,lv,801,10/24/2004,10/26/2004
MN,49,47,Strategic Vision,lv,801,10/24/2004,10/26/2004
GA,57,40,Strategic Vision,lv,801,10/24/2004,10/26/2004
OR,46,50,ARG,lv,600,10/25/2004,10/27/2004
WI,47,48,ARG,lv,601,10/25/2004,10/27/2004
IA,48,47,ARG,lv,600,10/25/2004,10/27/2004
MD,39,56,Baltimore Sun,rv,602,10/25/2004,10/26/2004
IA,45,48,DM Register,lv,806,10/25/2004,10/29/2004
NY,38,56,Marist,lv,636,10/25/2004,10/26/2004
WA,45,50,Mason-Dixon,lv,800,10/25/2004,10/26/2004
NC,52,43,Mason-Dixon,lv,625,10/25/2004,10/26/2004
OR,43,49,Oregonian/KATU,lv,608,10/25/2004,10/27/2004
MI,46,50,Rasmussen,lv,600,10/25/2004,10/31/2004
MN,47,48,Rasmussen,lv,600,10/25/2004,10/31/2004
PA,47,49,Rasmussen,lv,600,10/25/2004,10/31/2004
OH,50,46,Rasmussen,lv,600,10/25/2004,10/31/2004
FL,50,47,Rasmussen,lv,600,10/25/2004,10/31/2004
MI,46,50,Research 2000,lv,600,10/25/2004,10/27/2004
IA,49,48,Research 2000,lv,600,10/25/2004,10/27/2004
NC,51,45,Research 2000,lv,600,10/25/2004,10/27/2004
CO,51,42,Rocky Mtn News,lv,500,10/25/2004,10/27/2004
NY,37,52,Siena,lv,1062,10/25/2004,10/28/2004
OH,48,47,Strategic Vision,lv,801,10/25/2004,10/27/2004
PA,48,48,Strategic Vision,lv,801,10/25/2004,10/27/2004
IA,49,46,Strategic Vision,lv,801,10/25/2004,10/27/2004
FL,50,46,Strategic Vision,lv,801,10/25/2004,10/27/2004
RI,41,54,SurveyUSA,lv,594,10/25/2004,10/27/2004
OR,47,50,SurveyUSA,lv,687,10/25/2004,10/27/2004
AL,57,39,SurveyUSA,lv,636,10/25/2004,10/27/2004
KS,60,37,SurveyUSA,lv,651,10/25/2004,10/27/2004
WV,52,43,Zogby/WSJ,lv,398,10/25/2004,10/28/2004
OH,48,45,Clev. Plain Dealer,lv,1500,10/26/2004,10/28/2004
MI,41,43,Detroit News,lv,600,10/26/2004,10/28/2004
NM,48,44,Rasmussen,lv,500,10/26/2004,10/26/2004
AZ,50,45,Rasmussen,lv,500,10/26/2004,10/26/2004
CT,42,52,Research 2000,lv,600,10/26/2004,10/28/2004
NH,46,49,Research 2000,lv,600,10/26/2004,10/28/2004
MN,41,49,Star-Tribune,lv,996,10/26/2004,10/29/2004
NY,39,57,SurveyUSA,lv,628,10/26/2004,10/28/2004
TX,59,37,SurveyUSA,lv,602,10/26/2004,10/28/2004
NM,47,48,ARG,lv,600,10/27/2004,10/30/2004
WI,52,44,CNN/USAT/Gallup,lv,1119,10/27/2004,10/30/2004
OR,44,50,Mason-Dixon,lv,625,10/27/2004,10/29/2004
MI,45,47,Mason-Dixon,lv,625,10/27/2004,10/29/2004
NH,46,47,Mason-Dixon,lv,625,10/27/2004,10/29/2004
PA,46,48,Mason-Dixon,lv,625,10/27/2004,10/29/2004
WI,46,48,Mason-Dixon,lv,625,10/27/2004,10/29/2004
OH,48,46,Mason-Dixon,lv,625,10/27/2004,10/29/2004
FL,49,45,Mason-Dixon,lv,625,10/27/2004,10/29/2004
IA,49,44,Mason-Dixon,lv,625,10/27/2004,10/29/2004
MO,49,44,Mason-Dixon,lv,625,10/27/2004,10/29/2004
NM,49,45,Mason-Dixon,lv,625,10/27/2004,10/29/2004
CO,50,43,Mason-Dixon,lv,625,10/27/2004,10/29/2004
NV,50,44,Mason-Dixon,lv,625,10/27/2004,10/29/2004
AR,51,43,Mason-Dixon,lv,625,10/27/2004,10/29/2004
WV,51,43,Mason-Dixon,lv,625,10/27/2004,10/29/2004
OH,50.1,49.2,Ohio Poll/UofC,lv,877,10/27/2004,10/31/2004
NJ,43,48,Quinnipiac,lv,984,10/27/2004,10/31/2004
PA,47,47,Quinnipiac,lv,909,10/27/2004,10/31/2004
FL,51,43,Quinnipiac,lv,1098,10/27/2004,10/31/2004
FL,50,45,Rasmussen,lv,500,10/27/2004,10/27/2004
IL,40,54,Research 2000,lv,600,10/27/2004,10/28/2004
MN,48,47,St. PP/Mason-Dixon,lv,625,10/27/2004,10/29/2004
NJ,41,45,Star-Ledger,lv,740,10/27/2004,10/29/2004
IL,42,54,SurveyUSA,lv,665,10/27/2004,10/29/2004
NJ,42,54,SurveyUSA,lv,794,10/27/2004,10/29/2004
MD,43,54,SurveyUSA,lv,607,10/27/2004,10/29/2004
VA,51,47,SurveyUSA,lv,606,10/27/2004,10/29/2004
IN,58,39,SurveyUSA,lv,589,10/27/2004,10/29/2004
GA,52,42,Zogby/AJC,lv,501,10/27/2004,10/29/2004
GA,52,42,Zogby/AJC,lv,501,10/27/2004,10/29/2004
MN,44,52,CNN/USAT/Gallup,lv,1098,10/28/2004,10/30/2004
OH,46,50,CNN/USAT/Gallup,lv,1111,10/28/2004,10/31/2004
FL,47,50,CNN/USAT/Gallup,lv,1138,10/28/2004,10/30/2004
PA,50,46,CNN/USAT/Gallup,lv,601,10/28/2004,10/31/2004
ME,44,52,SurveyUSA,lv,1008,10/28/2004,10/30/2004
MI,47,50,SurveyUSA,lv,671,10/28/2004,10/30/2004
NV,49,49,SurveyUSA,lv,535,10/28/2004,10/29/2004
IA,49,49,SurveyUSA,lv,661,10/28/2004,10/30/2004
CO,52,46,SurveyUSA,lv,626,10/28/2004,10/30/2004
GA,55,43,SurveyUSA,lv,628,10/28/2004,10/30/2004
AZ,56,41,SurveyUSA,lv,599,10/28/2004,10/30/2004
TN,58,40,SurveyUSA,lv,629,10/28/2004,10/30/2004
KY,59,38,SurveyUSA,lv,636,10/28/2004,10/30/2004
OK,64,34,SurveyUSA,lv,662,10/28/2004,10/30/2004
FL,48,48,Insider Adv,lv,400,10/29/2004,10/31/2004
NJ,42,42,Strategic Vision,lv,801,10/29/2004,10/31/2004
MI,45,44,Strategic Vision,lv,801,10/29/2004,10/31/2004
WA,45,51,Strategic Vision,lv,801,10/29/2004,10/31/2004
PA,46,47,Strategic Vision,lv,801,10/29/2004,10/31/2004
MN,48,48,Strategic Vision,lv,801,10/29/2004,10/31/2004
OH,48,46,Strategic Vision,lv,801,10/29/2004,10/31/2004
WI,48,46,Strategic Vision,lv,801,10/29/2004,10/31/2004
IA,49,46,Strategic Vision,lv,801,10/29/2004,10/31/2004
GA,55,41,Strategic Vision,lv,801,10/29/2004,10/31/2004
CA,43,54,SurveyUSA,lv,767,10/29/2004,10/31/2004
WA,47,51,SurveyUSA,lv,622,10/29/2004,10/31/2004
PA,47,51,SurveyUSA,lv,766,10/29/2004,10/31/2004
IA,47,50,SurveyUSA,lv,519,10/29/2004,11/1/2004
FL,49,48,SurveyUSA,lv,742,10/29/2004,10/31/2004
OH,49,47,SurveyUSA,lv,816,10/29/2004,10/31/2004
MO,52,47,SurveyUSA,lv,694,10/29/2004,10/31/2004
NC,53,45,SurveyUSA,lv,620,10/29/2004,10/31/2004
NH,49,50,UNH Tracking,lv,716,10/29/2004,10/31/2004
IA,45,50,Zogby,lv,601,10/29/2004,11/1/2004
MN,45,51,Zogby,lv,601,10/29/2004,11/1/2004
WI,45,51,Zogby,lv,601,10/29/2004,11/1/2004
MI,46,52,Zogby,lv,601,10/29/2004,11/1/2004
PA,46,50,Zogby,lv,601,10/29/2004,11/1/2004
FL,48,48,Zogby,lv,601,10/29/2004,11/1/2004
NM,48,51,Zogby,lv,601,10/29/2004,11/1/2004
CO,49,47,Zogby,lv,600,10/29/2004,11/1/2004
OH,49,43,Zogby,lv,601,10/29/2004,11/1/2004
NV,50,45,Zogby,lv,601,10/29/2004,11/1/2004
NH,47,47,ARG,lv,600,10/3/2004,10/5/2004
WI,49,46,CNN/USAT/Gallup,lv,704,10/3/2004,10/5/2004
NH,42,49,Franklin-Pierce,lv,617,10/3/2004,10/4/2004
CO,49,49,Gallup/CNN/USAT,lv,667,10/3/2004,10/6/2004
NM,50,47,Gallup/CNN/USAT,lv,673,10/3/2004,10/6/2004
IA,46,43,Harstead Strategy,rv,717,10/3/2004,10/4/2004
WI,44,48,Lake Snell Perry,lv,600,10/3/2004,10/5/2004
IL,38,55,Research 2000,lv,600,10/3/2004,10/4/2004
PA,47,49,SurveyUSA,lv,776,10/3/2004,10/5/2004
IN,58,39,SurveyUSA,lv,589,10/3/2004,10/5/2004
TN,58,39,SurveyUSA,lv,637,10/3/2004,10/5/2004
ME,47,49,SUSA,lv,653,10/3/2004,10/5/2004
FL,48,50,ARG,lv,600,10/30/2004,11/1/2004
NH,49,48,ARG,lv,600,10/30/2004,11/1/2004
FL,44,49,Fox News,lv,700,10/30/2004,10/31/2004
IA,48,44,Fox News,lv,700,10/30/2004,10/31/2004
WI,48,45,Fox News,lv,700,10/30/2004,10/31/2004
OH,50,47,Fox News,lv,700,10/30/2004,10/31/2004
CO,50,47,SurveyUSA,lv,705,10/30/2004,11/1/2004
NV,53,45,SurveyUSA,lv,636,10/30/2004,11/1/2004
PA,48,49,SurveyUSA,lv,657,10/31/2004,11/1/2004
AR,51,46,SurveyUSA,lv,550,10/31/2004,11/1/2004
AR,52,43,AR News/Op Res,lv,502,10/4/2004,10/6/2004
PA,46,48,ARG,lv,600,10/4/2004,10/6/2004
OH,47,48,ARG,lv,600,10/4/2004,10/6/2004
FL,48,44,Mason-Dixon,lv,625,10/4/2004,10/5/2004
CO,50,41,Mason-Dixon,lv,630,10/4/2004,10/6/2004
LA,51,36,MRI,rv,600,10/4/2004,10/7/2004
TN,50,39,MTSU,rv,624,10/4/2004,10/15/2004
IL,41,52,Rasmussen,lv,500,10/4/2004,10/4/2004
WA,44,49,Strategic Vision,lv,801,10/4/2004,10/6/2004
FL,49,44,Strategic Vision,lv,801,10/4/2004,10/6/2004
IL,39,55,SurveyUSA,lv,644,10/4/2004,10/6/2004
KY,57,38,SurveyUSA,lv,622,10/4/2004,10/6/2004
OK,63,33,SurveyUSA,lv,613,10/4/2004,10/6/2004
MI,42,52,SUSA,lv,659,10/4/2004,10/6/2004
IA,47,48,SUSA,rv,669,10/4/2004,10/6/2004
FL,48,48,Wash Post,lv,655,10/4/2004,10/10/2004
WI,43,48,WPR/St. Norberts,lv,401,10/4/2004,10/13/2004
MD,41,56,SurveyUSA,lv,583,10/5/2004,10/7/2004
CO,52,44,SurveyUSA,lv,598,10/5/2004,10/7/2004
AZ,55,41,SurveyUSA,lv,599,10/5/2004,10/7/2004
GA,58,39,SurveyUSA,lv,594,10/5/2004,10/7/2004
AR,53,44,Univ Arkansas,lv,618,10/5/2004,10/20/2004
WA,44,52,Rasmussen,lv,400,10/6/2004,10/19/2004
MI,46,49,Rasmussen,lv,400,10/6/2004,10/12/2004
PA,46,47,Rasmussen,lv,578,10/6/2004,10/12/2004
GA,54,39,Zogby/AJC,lv,501,10/6/2004,10/8/2004
NJ,43,48,FDU Public Mind,lv,500,10/7/2004,10/11/2004
MT,55,34,MSU,a,411,10/7/2004,10/10/2004
AZ,49,44,NAU,lv,401,10/7/2004,10/11/2004
OH,49,47,Rasmussen,lv,564,10/7/2004,10/13/2004
MO,50,45,Rasmussen,lv,400,10/7/2004,10/20/2004
TN,54,37,Tennessee Poll,rv,656,10/7/2004,10/20/2004
MN,43,45,Chicago Tribune,lv,500,10/8/2004,10/11/2004
WI,43,47,Chicago Tribune,lv,500,10/8/2004,10/11/2004
OH,45,49,Chicago Tribune,lv,500,10/8/2004,10/11/2004
IA,47,45,Chicago Tribune,lv,500,10/8/2004,10/11/2004
NJ,46,46,FDU Public Mind,lv,508,10/8/2004,10/14/2004
OR,43,51,Rasmussen,lv,500,10/8/2004,10/21/2004
MN,45,48,Rasmussen,lv,500,10/8/2004,10/14/2004
FL,49,46,Rasmussen,lv,684,10/8/2004,10/14/2004
OK,50,38,Wilson Research,lv,500,10/8/2004,10/10/2004
PA,47,49,Quinnipiac,lv,1343,10/9/2004,10/11/2004
IA,48,46,Rasmussen,lv,400,10/9/2004,10/22/2004
OR,48,43,Riley Research,lv,400,10/9/2004,10/13/2004
MN,43,48,Star-Tribune,lv,809,10/9/2004,10/11/2004
NJ,41,46,Strategic Vision,lv,801,10/9/2004,10/11/2004
PA,46,45,Strategic Vision,lv,801,10/9/2004,10/11/2004
IA,49,46,Strategic Vision,lv,801,10/9/2004,10/11/2004
WI,49,44,Strategic Vision,lv,801,10/9/2004,10/11/2004
OH,51,43,Strategic Vision,lv,801,10/9/2004,10/11/2004
NY,35,58,SurveyUSA,lv,606,10/9/2004,10/11/2004
RI,36,56,SurveyUSA,lv,603,10/9/2004,10/11/2004
OR,44,53,SurveyUSA,lv,628,10/9/2004,10/11/2004
KS,57,38,SurveyUSA,lv,595,10/9/2004,10/11/2004
TX,60,37,SurveyUSA,lv,598,10/9/2004,10/11/2004
NV,49,48,SurveyUSA,rv,505,2/11/2004,2/12/2004
KY,57,41,SurveyUSA,rv,681,2/14/2004,2/16/2004
IN,51,45,SurveyUSA,rv,585,2/15/2004,2/17/2004
PA,45,47,Mansfield U,rv,1750,2/17/2004,3/3/2004
CA,40,53,LA Times,lv,560,2/18/2004,2/22/2004
TN,48,44,MTSU,rv,701,2/18/2004,2/28/2004
AZ,52,44,SurveyUSA,rv,534,2/18/2004,2/19/2004
AZ,44,46,Ariz St. Univ,rv,430,2/19/2004,2/22/2004
UT,64,31,Deseret News,rv,404,2/19/2004,2/19/2004
PA,46,47,Keystone,rv,532,2/19/2004,2/22/2004
MI,44,49,EPIC/MRA,lv,600,2/22/2004,2/25/2004
MD,38,47,Mason-Dixon,rv,625,2/23/2004,2/25/2004
NC,53,42,SUSA,rv,654,2/23/2004,2/25/2004
MI,40,46,Mitchell Research,lv,600,2/26/2004,3/1/2004
CT,36,49,UConn,rv,448,2/26/2004,2/29/2004
ME,38,51,Strategic Mktg Svs,rv,400,2/28/2004,3/3/2004
NH,38,53,Granite St.,rv,511,2/4/2004,2/12/2004
WA,43,55,SurveyUSA,rv,975,2/4/2004,2/5/2004
IA,42,49,DM Register,rv,800,2/7/2004,2/11/2004
AR,51,43,Ark St. Univ,rv,418,3/1/2004,4/8/2004
NC,51,43,Rasmussen,lv,400,3/1/2004,3/13/2004
FL,45,48,Rasmussen,lv,400,3/1/2004,3/13/2004
IL,36,54,Research 2000,lv,800,3/1/2004,3/3/2004
OH,44,46,Ohio Poll,rv,632,3/10/2004,3/22/2004
OH,41,45,Rasmussen,lv,500,3/14/2004,3/16/2004
MI,44,48,Rasmussen,lv,500,3/14/2004,3/16/2004
PA,44,45,Rasmussen,lv,500,3/14/2004,3/16/2004
NH,45,39,ARG,rv,463,3/15/2004,3/18/2004
NV,49,38,Mason-Dixon,rv,625,3/15/2004,3/17/2004
LA,52,38,Harris-Deville,rv,700,3/17/2004,3/29/2004
AZ,51,42,SurveyUSA,lv,634,3/17/2004,3/18/2004
MD,43,48,Gonzales Research,rv,825,3/19/2004,3/24/2004
OR,47,45,OSU,rv,444,3/19/2004,4/7/2004
TN,52,41,SurveyUSA,lv,678,3/20/2004,3/22/2004
WA,43,47,SurveyUSA,lv,698,3/21/2004,3/23/2004
IN,52,37,IMA,lv,600,3/22/2004,3/24/2004
CT,33,52,UConn,rv,511,3/22/2004,3/28/2004
WI,43,46,ARG,lv,600,3/23/2004,3/25/2004
WV,46,46,ARG,lv,600,3/23/2004,3/24/2004
WI,47,41,Badger Poll,rv,500,3/23/2004,3/31/2004
IA,41,51,Rasmussen,lv,500,3/23/2004,3/23/2004
MN,44,47,Rasmussen,lv,500,3/23/2004,3/23/2004
MO,49,42,Rasmussen,lv,500,3/23/2004,3/23/2004
PA,46,40,Keystone,rv,565,3/25/2004,3/29/2004
WA,44,50,Rasmussen,lv,500,3/25/2004,3/25/2004
MI,43,45,EPIC/MRA,lv,600,3/28/2004,4/1/2004
MN,38,50,Star-Tribune,lv,562,3/28/2004,3/31/2004
MA,32,54,UMass,lv,400,3/29/2004,4/5/2004
FL,44,45,ARG,lv,600,3/3/2004,3/4/2004
FL,43,49,Miami Herald,rv,800,3/3/2004,3/4/2004
IL,39,52,Rasmussen,rv,448,3/3/2004,3/3/2004
KS,57,39,SurveyUSA,rv,501,3/3/2004,3/4/2004
NM,46,45,ARG,lv,600,3/30/2004,4/1/2004
NH,48,43,ARG,lv,600,3/30/2004,4/1/2004
NC,51,44,BP&B,lv,500,3/30/2004,4/1/2004
FL,51,43,Tampa Tribune,rv,625,3/30/2004,4/1/2004
OK,47,35,Insider Adv,rv,400,3/31/2004,4/1/2004
CO,49,40,RMN/News 4,lv,400,3/31/2004,4/1/2004
OR,40,45,The Oregonian,rv,400,3/4/2004,3/4/2004
CA,44,53,Rasmussen,lv,445,3/5/2004,3/11/2004
MI,47,45,MRG,rv,600,3/8/2004,3/14/2004
IL,39,47,Research 2000,rv,625,3/8/2004,3/10/2004
PA,47,49,SUSA,rv,802,3/8/2004,3/10/2004
PA,44,40,Quinnipiac,rv,1022,3/9/2004,3/15/2004
NY,37,54,Marist,rv,602,4/13/2004,4/15/2004
PA,45,39,Quinnipiac,rv,769,4/13/2004,4/19/2004
FL,46,47,Rasmussen,lv,500,4/13/2004,4/13/2004
WI,42,49,St. Norbert/WPR,rv,358,4/14/2004,4/21/2004
AR,47,45,SurveyUSA,lv,565,4/14/2004,4/15/2004
WV,46,41,Rasmussen,lv,500,4/15/2004,4/15/2004
CO,49,44,Rasmussen,lv,500,4/15/2004,4/15/2004
PA,42,42,Pew Research,rv,867,4/16/2004,4/25/2004
CA,39,49,LA Times,rv,1265,4/17/2004,4/21/2004
CA,40,51,Rasmussen,lv,502,4/17/2004,4/24/2004
FL,46,45,ARG,lv,600,4/18/2004,4/21/2004
IA,46,47,ARG,lv,600,4/18/2004,4/21/2004
WA,41,45,Moore Info,rv,500,4/18/2004,4/19/2004
NH,45,49,Granite St.,lv,491,4/19/2004,4/26/2004
NY,32,51,Siena,rv,625,4/19/2004,4/22/2004
WA,41,46,Elway Poll,rv,405,4/2/2004,4/5/2004
MI,41,51,SUSA,lv,536,4/2/2004,4/4/2004
WI,50,38,Badger Poll,rv,511,4/20/2004,4/28/2004
NJ,39,51,Rasmussen,lv,500,4/20/2004,4/20/2004
NH,45,47,Rasmussen,lv,500,4/21/2004,4/21/2004
CT,33,51,UConn,rv,501,4/21/2004,4/27/2004
AZ,41,38,Ariz St. Univ,rv,410,4/23/2004,4/26/2004
OR,43,43,Rasmussen,lv,500,4/25/2004,4/25/2004
OR,46,48,Research 2000,lv,600,4/25/2004,4/29/2004
WV,49,45,Ipsos,rv,984,4/26/2004,4/29/2004
WI,40,49,Lake Snell Perry,lv,600,4/26/2004,4/28/2004
WI,41,45,Rasmussen,lv,500,4/28/2004,4/28/2004
NJ,37,43,Star-Ledger,rv,643,4/28/2004,5/4/2004
AZ,45,37,BRC,rv,555,4/29/2004,5/4/2004
FL,46,48,Hamilton Beattie,lv,1000,4/29/2004,5/9/2004
NJ,48,44,FDU Public Mind,rv,802,4/3/2004,4/10/2004
MI,43,47,SUSA,lv,536,4/30/2004,5/2/2004
MS,61,30,MSU,lv,300,4/5/2004,4/21/2004
NY,35,49,Quinnipiac,rv,1279,4/5/2004,4/12/2004
AL,55,36,SUSA,lv,743,5/1/2004,5/4/2004
OH,42,49,ARG,lv,600,5/10/2004,5/12/2004
UT,67,22,Deseret News,rv,923,5/10/2004,5/12/2004
AL,54,29,Mobile Register,rv,400,5/10/2004,5/13/2004
NJ,43,46,Quinnipiac,rv,1122,5/10/2004,5/16/2004
MI,44,40,Mitchell Research,lv,413,5/11/2004,5/12/2004
IL,43,48,Rasmussen,lv,500,5/12/2004,5/12/2004
IN,54,33,Indy Star,rv,700,5/13/2004,5/19/2004
OK,53,34,Oklahoman,rv,500,5/16/2004,5/19/2004
FL,47,46,ARG,lv,600,5/17/2004,5/19/2004
CA,39,51,Field Poll,rv,647,5/18/2004,5/24/2004
SD,48,34,Zogby,lv,500,5/19/2004,5/21/2004
PA,43,49,"Bennett, Petts",lv,600,5/2/2004,5/3/2004
AR,45,45,Rasmussen,lv,500,5/2/2004,5/2/2004
AZ,43,38,KAET/ASU,rv,377,5/20/2004,5/23/2004
OH,47,41,Mason-Dixon,rv,1500,5/20/2004,5/25/2004
IL,37,53,Chi Trib/WGN,lv,600,5/21/2004,5/24/2004
LA,48,29,Multi-Quest,rv,400,5/21/2004,5/25/2004
SD,51,35,KELO,rv,800,5/22/2004,5/22/2004
IA,42,46,KCCI/Res 2000,lv,604,5/23/2004,5/25/2004
MT,53,33,Mason-Dixon,rv,625,5/24/2004,5/26/2004
MN,41,44,MPR/Mason-Dixon,rv,625,5/24/2004,5/24/2004
PA,41,44,Quinnipiac,rv,701,5/24/2004,5/25/2004
IA,45,48,SUSA,lv,794,5/24/2004,5/26/2004
CT,36,46,Quinnipiac,rv,1350,5/26/2004,6/1/2004
LA,48,42,MRI,rv,600,5/27/2004,5/27/2004
OR,45,45,ARG,lv,600,5/3/2004,5/5/2004
TX,58,29,Texas Poll,rv,1000,5/3/2004,5/15/2004
MI,43,47,SUSA,lv,567,5/31/2004,6/2/2004
AL,56,37,Capital Survey,rv,785,5/4/2004,5/20/2004
CA,45,46,SUSA,lv,635,5/4/2004,5/6/2004
KY,52,40,Bluegrass,lv,665,5/5/2004,5/11/2004
PA,43,48,Muhlenberg,rv,400,5/5/2004,5/14/2004
OR,44,39,Riley/KGW-TV,lv,776,5/5/2004,5/10/2004
OR,45,47,Research 2000,lv,603,5/6/2004,5/10/2004
WA,44,49,SurveyUSA,lv,654,6/1/2004,6/3/2004
AZ,44,41,Arizona Republic,lv,600,6/10/2004,6/13/2004
RI,25,49,Brown Univ,rv,477,6/12/2004,6/14/2004
FL,50,43,SUSA,lv,723,6/12/2004,6/14/2004
NC,47,42,Research 2000,lv,600,6/13/2004,6/16/2004
WV,44,47,ARG,lv,600,6/15/2004,6/17/2004
WI,46,42,Badger Poll,a,504,6/15/2004,6/23/2004
NJ,40,46,Quinnipiac,rv,1167,6/15/2004,6/20/2004
TN,49,41,Rasmussen,lv,500,6/16/2004,6/16/2004
NH,45,44,Becker Institue,rv,401,6/18/2004,6/20/2004
TN,51,41,SurveyUSA,lv,700,6/19/2004,6/21/2004
MI,43,45,EPIC/MRA,lv,600,6/2/2004,6/6/2004
OH,43,49,ARG,lv,600,6/21/2004,6/23/2004
FL,46,47,ARG,lv,600,6/21/2004,6/23/2004
PA,43,44,Quinnipiac,rv,839,6/21/2004,6/22/2004
FL,48,46,Strategic Vision,rv,801,6/21/2004,6/24/2004
OK,60,34,SurveyUSA,lv,651,6/21/2004,6/23/2004
MN,44.2,46.5,UofM HHI,rv,589,6/21/2004,7/12/2004
IA,44.4,47.7,UofM HHI,rv,614,6/21/2004,7/12/2004
WI,46.1,44.6,UofM HHI,rv,575,6/21/2004,7/12/2004
MI,42,40,Fox News,rv,750,6/22/2004,6/23/2004
OH,45,41,Fox News,rv,750,6/22/2004,6/23/2004
PA,46,41,Fox News,rv,750,6/22/2004,6/23/2004
FL,48,38,Fox News,rv,750,6/22/2004,6/23/2004
IN,52,36,IMA,lv,600,6/22/2004,6/24/2004
AK,56,33,Dittman Res,rv,511,6/23/2004,6/30/2004
FL,43,43,Quinnipiac,rv,1209,6/23/2004,6/27/2004
AZ,47,35,KAET,rv,400,6/24/2004,6/27/2004
MI,44,43,Mitchell Research,rv,400,6/24/2004,6/30/2004
CT,32,50,Quinnipiac,rv,979,6/27/2004,6/28/2004
CA,38,46,SJSU,lv,608,6/28/2004,7/2/2004
KS,56,36,SurveyUSA,lv,598,6/28/2004,6/30/2004
MI,41,51,SUSA,lv,594,6/28/2004,6/30/2004
CA,38,49,PPIC,lv,1378,6/30/2004,7/14/2004
MD,38,52,Gonzales Research,rv,836,6/4/2004,6/9/2004
OH,42,45,LA Times,rv,722,6/5/2004,6/8/2004
WI,44,42,LA Times,rv,694,6/5/2004,6/8/2004
MO,48,37,LA Times,rv,566,6/5/2004,6/8/2004
ME,41,43.5,Strategic Mktg Svs,rv,400,6/5/2004,6/12/2004
NH,46,46,ARG,lv,600,6/7/2004,6/9/2004
IL,39,52,SurveyUSA,lv,742,6/7/2004,6/9/2004
KY,52,39,SurveyUSA,lv,669,6/7/2004,6/8/2004
PA,46,47,SUSA,lv,684,6/7/2004,6/9/2004
ID,55,25,Greg Smith & Asc,lv,400,6/8/2004,6/14/2004
WA,44,45,Moore Info,rv,500,6/9/2004,6/11/2004
NY,34,52,Quinnipiac,rv,1466,6/9/2004,6/14/2004
NC,49,44,Research 2000,lv,600,7/10/2004,7/14/2004
SC,51,44,SUSA,lv,710,7/10/2004,7/12/2004
MN,44,45,Mason-Dixon,rv,625,7/12/2004,7/14/2004
NY,29,51,Siena,rv,604,7/12/2004,7/15/2004
AZ,53,41,SurveyUSA,lv,767,7/12/2004,7/14/2004
WI,42,48,ARG,lv,600,7/13/2004,7/15/2004
FL,44,47,ARG,lv,600,7/13/2004,7/15/2004
MO,44,46,KC Star,rv,600,7/13/2004,7/20/2004
MI,44,46,Strategic Vision,lv,801,7/13/2004,7/17/2004
OH,47,44,Columbus Dispatch,rv,3047,7/14/2004,7/23/2004
LA,54,38,MRI,rv,600,7/14/2004,7/14/2004
FL,44,47,Research 2000,lv,600,7/15/2004,7/19/2004
IA,46,45,DM Register,lv,641,7/17/2004,7/21/2004
OH,48,43,Strategic Vision,lv,801,7/17/2004,7/20/2004
MA,30,56,Merrimack,lv,601,7/18/2004,7/28/2004
PA,43,47,Strategic Vision,lv,801,7/18/2004,7/20/2004
MA,30,59,Suffolk Univ,lv,400,7/18/2004,7/18/2004
OR,42,50,ARG,lv,600,7/19/2004,7/22/2004
NH,45,47,ARG,lv,600,7/19/2004,7/21/2004
OH,45,51,CNN/USAT/Gallup,lv,639,7/19/2004,7/22/2004
MO,48,48,CNN/USAT/Gallup,lv,636,7/19/2004,7/22/2004
FL,50,47,CNN/USAT/Gallup,lv,699,7/19/2004,7/22/2004
NC,48,44,FMM&A,lv,600,7/19/2004,7/22/2004
PA,38,48,LA Times,rv,815,7/19/2004,7/21/2004
FL,45,44,LA Times,rv,729,7/19/2004,7/21/2004
FL,48,46,Mason-Dixon,lv,625,7/19/2004,7/21/2004
FL,46,46,Sayfie/Insdr Adv,rv,687,7/19/2004,7/20/2004
OH,45,47,ARG,lv,600,7/20/2004,7/22/2004
NJ,43,45,FDU Public Mind,rv,834,7/20/2004,7/26/2004
NV,46,43,Mason-Dixon,rv,625,7/20/2004,7/22/2004
MO,45,48,Research 2000,lv,802,7/20/2004,7/22/2004
MN,47,47,Strategic Vision,lv,801,7/20/2004,7/24/2004
NV,45,49,SurveyUSA,lv,801,7/20/2004,7/22/2004
AL,56,34,Capital Survey,lv,590,7/22/2004,7/28/2004
CA,41,53,SUSA,lv,711,7/23/2004,7/25/2004
KY,52,42,SurveyUSA,lv,690,7/24/2004,7/26/2004
NC,51,44,SUSA,lv,906,7/24/2004,7/26/2004
WV,44,47,ARG,lv,600,7/26/2004,7/28/2004
IA,46,46,ARG,lv,600,7/26/2004,7/28/2004
PA,44.7,52.7,Zogby,lv,932,7/26/2004,7/30/2004
FL,46.7,49.5,Zogby,lv,1587,7/26/2004,7/30/2004
TN,47.5,49.3,Zogby/WSJ,lv,821,7/26/2004,7/30/2004
NH,41.8,50.7,Zogby/WSJ,lv,552,7/26/2004,7/30/2004
MN,43.7,51.8,Zogby/WSJ,lv,652,7/26/2004,7/30/2004
WV,44.2,47.6,Zogby/WSJ,lv,517,7/26/2004,7/30/2004
MI,44.6,52.1,Zogby/WSJ,lv,1022,7/26/2004,7/30/2004
WA,44.8,52.6,Zogby/WSJ,lv,1162,7/26/2004,7/30/2004
OR,45.9,49.9,Zogby/WSJ,lv,644,7/26/2004,7/30/2004
NV,46,45.4,Zogby/WSJ,lv,505,7/26/2004,7/30/2004
IA,46.1,50,Zogby/WSJ,lv,497,7/26/2004,7/30/2004
NM,47.6,49.1,Zogby/WSJ,lv,494,7/26/2004,7/30/2004
WI,47.8,49.7,Zogby/WSJ,lv,634,7/26/2004,7/30/2004
AR,47.9,46.4,Zogby/WSJ,lv,503,7/26/2004,7/30/2004
MO,48.2,48.8,Zogby/WSJ,lv,949,7/26/2004,7/30/2004
OH,51.1,46.1,Zogby/WSJ,lv,1571,7/26/2004,7/30/2004
OK,55.5,35.5,NRSC,lv,600,7/29/2004,7/29/2004
HI,41,48,Star-Bulletin,rv,681,7/29/2004,8/3/2004
AZ,48,45,Arizona Republic,lv,601,7/30/2004,8/1/2004
CA,40,51,Field Poll,lv,633,7/30/2004,8/4/2004
NJ,36,49,Quinnipiac,rv,996,7/30/2004,8/2/2004
NJ,32,52,Star-Ledger,rv,624,7/30/2004,7/30/2004
MI,42,47,Strategic Vision,lv,801,7/30/2004,8/2/2004
WI,46,47,Strategic Vision,lv,801,7/30/2004,8/2/2004
GA,52,41,Strategic Vision,lv,801,7/30/2004,8/2/2004
MN,45,47,Strategic Vision,lv,801,7/31/2004,8/3/2004
IA,46,48,Strategic Vision,lv,801,7/31/2004,8/3/2004
OH,49,44,Strategic Vision,lv,801,7/31/2004,8/3/2004
WA,43,51,SurveyUSA,lv,585,7/31/2004,8/2/2004
TN,48,46,SurveyUSA,lv,586,7/31/2004,8/2/2004
PA,41,53,SUSA,lv,748,7/31/2004,8/2/2004
NM,42,49,ARG,lv,600,7/6/2004,7/8/2004
MI,43,50,ARG,lv,600,7/6/2004,7/8/2004
MI,44,47,EPIC/MRA,lv,600,7/6/2004,7/8/2004
PA,41,46,Quinnipiac,rv,1577,7/6/2004,7/11/2004
MO,48,46,SurveyUSA,lv,755,7/6/2004,7/8/2004
AR,49,47,SurveyUSA,lv,546,7/6/2004,7/8/2004
VA,50,45,SurveyUSA,lv,686,7/6/2004,7/8/2004
NH,43,47,WMUR/UNH,lv,464,7/6/2004,7/21/2004
OK,59,35,KOTV,rv,756,7/8/2004,7/12/2004
IN,46,27,MRI,rv,852,7/8/2004,7/12/2004
NC,54,39,CNN/USAT/Gallup,lv,680,7/9/2004,7/11/2004
FL,44,47,SUSA,lv,732,7/9/2004,7/11/2004
MD,40,53,Gonzales Research,rv,847,8/10/2004,8/15/2004
OH,46,48,Ohio Poll,lv,812,8/11/2004,8/17/2004
CT,38,45,Quinnipiac,rv,1079,8/11/2004,8/17/2004
PA,42,47,Quinnipiac,rv,1430,8/11/2004,8/16/2004
IL,38,52,Chi Trib/WGN,lv,700,8/13/2004,8/16/2004
OH,45,47,CNN/USAT/Gallup,lv,628,8/13/2004,8/15/2004
PA,45,44,Issues PA,lv,861,8/13/2004,8/21/2004
KY,56,39,SurveyUSA,lv,697,8/13/2004,8/15/2004
NC,51,45,SUSA,lv,592,8/13/2004,8/15/2004
WA,44,50,Moore Info,rv,600,8/14/2004,8/15/2004
NV,44,42,Research 2000,lv,600,8/14/2004,8/17/2004
MI,42,46,Strategic Vision,lv,801,8/14/2004,8/17/2004
WI,46,46,Strategic Vision,lv,801,8/14/2004,8/17/2004
GA,54,38,Strategic Vision,lv,801,8/14/2004,8/17/2004
CO,47,47,SurveyUSA,lv,622,8/14/2004,8/16/2004
NV,49,46,SurveyUSA,lv,520,8/14/2004,8/16/2004
NM,46,46,Rasmussen,lv,500,8/15/2004,8/15/2004
NV,47,46,Rasmussen,lv,500,8/15/2004,8/15/2004
MN,44,47,Strategic Vision,lv,801,8/15/2004,8/18/2004
IA,47,48,Strategic Vision,lv,801,8/15/2004,8/18/2004
OH,49,45,Strategic Vision,lv,801,8/15/2004,8/18/2004
WA,43,51,SurveyUSA,lv,602,8/15/2004,8/17/2004
MO,48,47,SurveyUSA,lv,643,8/15/2004,8/17/2004
OK,57,38,SurveyUSA,lv,596,8/16/2004,8/18/2004
CA,46,49,SUSA,lv,589,8/16/2004,8/18/2004
SC,53,42,SUSA,lv,727,8/16/2004,8/18/2004
PA,44,52.3,Zogby,lv,901,8/16/2004,8/21/2004
FL,49,49.6,Zogby,lv,1421,8/16/2004,8/21/2004
OR,42.6,53.9,Zogby/WSJ,lv,708,8/16/2004,8/21/2004
NH,43.3,50.5,Zogby/WSJ,lv,512,8/16/2004,8/21/2004
NM,44.1,49.7,Zogby/WSJ,lv,507,8/16/2004,8/21/2004
MN,44.6,50.3,Zogby/WSJ,lv,673,8/16/2004,8/21/2004
WA,44.7,53.1,Zogby/WSJ,lv,1038,8/16/2004,8/21/2004
IA,45.2,52.2,Zogby/WSJ,lv,508,8/16/2004,8/21/2004
MI,45.3,50.5,Zogby/WSJ,lv,966,8/16/2004,8/21/2004
AR,45.6,48.2,Zogby/WSJ,lv,508,8/16/2004,8/21/2004
NV,46,47.7,Zogby/WSJ,lv,501,8/16/2004,8/21/2004
WI,46.4,50.8,Zogby/WSJ,lv,638,8/16/2004,8/21/2004
TN,47.7,49.6,Zogby/WSJ,lv,768,8/16/2004,8/21/2004
MO,48.8,49.3,Zogby/WSJ,lv,852,8/16/2004,8/21/2004
WV,49.3,41.5,Zogby/WSJ,lv,504,8/16/2004,8/21/2004
OH,51.4,45.8,Zogby/WSJ,lv,1392,8/16/2004,8/21/2004
NM,42,49,ARG,lv,600,8/17/2004,8/19/2004
MI,45,48,ARG,lv,600,8/17/2004,8/19/2004
PA,44,48,Strategic Vision,lv,801,8/17/2004,8/19/2004
FL,46,47,Strategic Vision,lv,801,8/17/2004,8/19/2004
OH,46,46,Columbus Dispatch,rv,3176,8/18/2004,8/27/2004
NJ,41,52,Research 2000,lv,600,8/18/2004,8/19/2004
AZ,47,39,KAET,rv,400,8/19/2004,8/22/2004
NJ,39,49,Quinnipiac,rv,887,8/19/2004,8/23/2004
CO,47,47,Rasmussen,lv,500,8/19/2004,8/19/2004
PA,42,48,Keystone,rv,660,8/2/2004,8/15/2004
PA,43,48,Strategic Vision,lv,801,8/2/2004,8/4/2004
FL,48,47,Strategic Vision,lv,801,8/2/2004,8/4/2004
MI,41,52,SUSA,lv,608,8/2/2004,8/4/2004
FL,48,46,CNN/USAT/Gallup,lv,671,8/20/2004,8/22/2004
MO,48,42,Rasmussen,lv,400,8/20/2004,9/3/2004
AR,48,47,SurveyUSA,lv,567,8/20/2004,8/22/2004
VA,49,45,SurveyUSA,lv,730,8/20/2004,8/22/2004
TX,58,37,SurveyUSA,lv,705,8/20/2004,8/22/2004
WI,45,44,LA Times,lv,512,8/21/2004,8/24/2004
MO,46,42,LA Times,rv,580,8/21/2004,8/24/2004
OH,46,43,LA Times,rv,507,8/21/2004,8/24/2004
AL,58,37,SUSA,lv,599,8/21/2004,8/23/2004
FL,48,46,Miami Herald,lv,800,8/22/2004,8/25/2004
WA,43,48,Strategic Vision,lv,801,8/22/2004,8/24/2004
ME,44,49,SUSA,lv,632,8/22/2004,8/24/2004
MI,45,48,SUSA,lv,548,8/22/2004,8/24/2004
IA,45,51,CNN/USAT/Gallup,lv,747,8/23/2004,8/26/2004
PA,47,47,CNN/USAT/Gallup,lv,879,8/23/2004,8/26/2004
WI,48,45,CNN/USAT/Gallup,lv,737,8/23/2004,8/26/2004
MD,42,53,SUSA,lv,594,8/23/2004,8/25/2004
FL,49,47,Rasmussen,lv,500,8/24/2004,8/24/2004
FL,46,46,Research 2000,lv,600,8/24/2004,8/27/2004
OR,46,45,Riley Research,lv,507,8/26/2004,9/1/2004
NM,45,42,Albuquerque Jrnl,lv,908,8/27/2004,9/1/2004
CA,42,50,Rasmussen,lv,608,8/27/2004,9/3/2004
MN,46,46,Rasmussen,lv,400,8/27/2004,9/3/2004
NJ,46,50,Rasmussen,lv,400,8/27/2004,9/3/2004
WI,48,46,Strategic Vision,lv,801,8/27/2004,8/29/2004
FL,48,44,Strategic Vision,lv,801,8/27/2004,8/29/2004
OH,48,42,Strategic Vision,lv,801,8/27/2004,8/29/2004
GA,55,36,Strategic Vision,lv,801,8/27/2004,8/29/2004
MI,42,45,Strategic Vision,lv,801,8/28/2004,8/30/2004
MN,46,47,Strategic Vision,lv,801,8/28/2004,8/30/2004
IA,47,47,Strategic Vision,lv,801,8/28/2004,8/30/2004
PA,47,45,Strategic Vision,lv,801,8/28/2004,8/30/2004
NH,42,49,ARG,lv,600,8/3/2004,8/5/2004
FL,43,50,ARG,lv,600,8/3/2004,8/5/2004
NY,35,53,Quinnipiac,rv,1161,8/3/2004,8/9/2004
AL,54,34,Capital Survey,lv,482,8/30/2004,8/31/2004
MN,43.5,50.3,Zogby/WSJ,lv,725,8/30/2004,9/3/2004
NM,43.9,53.6,Zogby/WSJ,lv,546,8/30/2004,9/3/2004
WA,44.2,52.7,Zogby/WSJ,lv,1265,8/30/2004,9/3/2004
NH,44.8,49.5,Zogby/WSJ,lv,553,8/30/2004,9/3/2004
MI,45.4,52,Zogby/WSJ,lv,1098,8/30/2004,9/3/2004
PA,46.7,49.5,Zogby/WSJ,lv,1090,8/30/2004,9/3/2004
NV,46.8,47.4,Zogby/WSJ,lv,564,8/30/2004,9/3/2004
IA,46.9,50.6,Zogby/WSJ,lv,565,8/30/2004,9/3/2004
WI,47.5,49.9,Zogby/WSJ,lv,732,8/30/2004,9/3/2004
AR,47.6,45.9,Zogby/WSJ,lv,574,8/30/2004,9/3/2004
MO,48.5,48.9,Zogby/WSJ,lv,1061,8/30/2004,9/3/2004
WV,49.1,40.1,Zogby/WSJ,lv,532,8/30/2004,9/3/2004
FL,49.1,49.4,Zogby/WSJ,lv,1679,8/30/2004,9/3/2004
TN,53.2,43.6,Zogby/WSJ,lv,916,8/30/2004,9/3/2004
OH,53.8,42.9,Zogby/WSJ,lv,1714,8/30/2004,9/3/2004
LA,53,36,MRI,rv,600,8/31/2004,9/2/2004
MI,42,49,EPIC/MRA,lv,600,8/4/2004,8/10/2004
CA,38,54,PPIC,lv,1117,8/4/2004,8/11/2004
FL,41,47,Quinnipiac,rv,1094,8/5/2004,8/10/2004
NJ,40,49,Strategic Vision,lv,801,8/6/2004,8/9/2004
NC,48,45,Research 2000,lv,600,8/8/2004,8/11/2004
OH,45,48,ARG,lv,600,8/9/2004,8/11/2004
CA,40,50,Strategic Vision,lv,801,8/9/2004,8/11/2004
WA,42,49,Strategic Vision,lv,801,8/9/2004,8/11/2004
WI,49,47,Rasmussen,lv,400,9/1/2004,9/12/2004
MA,27,64,ARG,lv,600,9/10/2004,9/13/2004
MN,45,47,ARG,lv,600,9/10/2004,9/12/2004
OR,45,47,ARG,lv,600,9/10/2004,9/13/2004
CO,46,45,ARG,lv,600,9/10/2004,9/13/2004
UT,64,27,ARG,lv,600,9/10/2004,9/13/2004
KY,53,38,Bluegrass,lv,657,9/10/2004,9/15/2004
ME,42,45,Critical Insights,lv,600,9/10/2004,9/23/2004
OH,50,42,Plain Dealer,rv,1500,9/10/2004,9/14/2004
WA,43,50,Rasmussen,lv,400,9/10/2004,9/23/2004
IA,48,45,Rasmussen,lv,400,9/10/2004,9/23/2004
OK,59,29,Wilson Research,lv,500,9/10/2004,9/12/2004
RI,30,58,ARG,lv,600,9/11/2004,9/13/2004
CA,41,52,ARG,lv,600,9/11/2004,9/13/2004
AZ,49,43,ARG,lv,600,9/11/2004,9/14/2004
GA,53,42,ARG,lv,600,9/11/2004,9/13/2004
MN,45,45,CNN/USAT/Gallup,lv,675,9/11/2004,9/13/2004
TN,53,37,Mason-Dixon,lv,625,9/11/2004,9/14/2004
MN,46,44,MPR/Mason-Dixon,lv,625,9/11/2004,9/14/2004
PA,46,42,Quinnipiac,lv,792,9/11/2004,9/14/2004
NJ,43,46,Strategic Vision,lv,801,9/11/2004,9/13/2004
WI,49,43,Strategic Vision,lv,801,9/11/2004,9/13/2004
OH,52,40,Strategic Vision,lv,801,9/11/2004,9/13/2004
GA,58,35,Strategic Vision,lv,801,9/11/2004,9/13/2004
NV,51,47,SurveyUSA,lv,526,9/11/2004,9/13/2004
CT,39,54,ARG,lv,600,9/12/2004,9/14/2004
WI,46,46,ARG,lv,600,9/12/2004,9/15/2004
NV,47,45,ARG,lv,600,9/12/2004,9/14/2004
IA,48,46,ARG,lv,600,9/12/2004,9/14/2004
VA,49,43,ARG,lv,600,9/12/2004,9/14/2004
CA,39,51,PPIC,lv,1151,9/12/2004,9/19/2004
NY,44,49,Rasmussen,lv,500,9/12/2004,9/18/2004
NJ,46,49,Rasmussen,lv,400,9/12/2004,9/25/2004
OH,48,45,Rasmussen,lv,668,9/12/2004,9/18/2004
AR,51,44,Rasmussen,lv,500,9/12/2004,9/25/2004
CO,45,44,RMN/News 4,lv,500,9/12/2004,9/13/2004
MI,41,47,Strategic Vision,lv,801,9/12/2004,9/14/2004
MN,45,48,Strategic Vision,lv,801,9/12/2004,9/14/2004
IL,45,49,SurveyUSA,lv,618,9/12/2004,9/14/2004
NJ,49,45,SUSA,lv,734,9/12/2004,9/14/2004
FL,51,45,SUSA,lv,607,9/12/2004,9/14/2004
OH,54,43,Univ of Cinci,lv,456,9/12/2004,9/18/2004
DE,41,50,ARG,lv,600,9/13/2004,9/15/2004
NJ,42,50,ARG,lv,600,9/13/2004,9/16/2004
IL,43,49,ARG,lv,600,9/13/2004,9/16/2004
NC,49,44,ARG,lv,600,9/13/2004,9/16/2004
AL,54,40,ARG,lv,600,9/13/2004,9/16/2004
NY,40,51,Marist,lv,584,9/13/2004,9/14/2004
WV,45,44,Mason-Dixon,lv,625,9/13/2004,9/14/2004
NH,49,40,Mason-Dixon,lv,624,9/13/2004,9/15/2004
AZ,50,39,Mason-Dixon,lv,625,9/13/2004,9/14/2004
NV,50,45,Mason-Dixon,lv,625,9/13/2004,9/14/2004
OR,44,51,Research 2000,lv,600,9/13/2004,9/16/2004
MO,49,42,Research 2000,lv,801,9/13/2004,9/16/2004
IA,48,46,Strategic Vision,lv,801,9/13/2004,9/15/2004
PA,49,44,Strategic Vision,lv,801,9/13/2004,9/15/2004
GA,58,38,SUSA,lv,658,9/13/2004,9/15/2004
NY,40,52,ARG,lv,600,9/14/2004,9/16/2004
NM,44,49,ARG,lv,600,9/14/2004,9/16/2004
WV,46,46,ARG,lv,600,9/14/2004,9/16/2004
MS,51,42,ARG,lv,600,9/14/2004,9/17/2004
SC,52,40,ARG,lv,600,9/14/2004,9/16/2004
CO,50,38,Ciruli Assoc,lv,600,9/14/2004,9/18/2004
MI,41,47,Mason-Dixon,lv,629,9/14/2004,9/16/2004
PA,44,45,Mason-Dixon,lv,624,9/14/2004,9/16/2004
WI,46,44,Mason-Dixon,lv,625,9/14/2004,9/16/2004
OR,47,43,Mason-Dixon,lv,625,9/14/2004,9/16/2004
MO,48,41,Mason-Dixon,lv,625,9/14/2004,9/16/2004
IA,48,42,Mason-Dixon,lv,626,9/14/2004,9/16/2004
OH,49,42,Mason-Dixon,lv,624,9/14/2004,9/15/2004
MD,45,48,Rasmussen,lv,400,9/14/2004,9/27/2004
WI,49,46,Rasmussen,lv,400,9/14/2004,9/27/2004
VA,50,44,Rasmussen,lv,400,9/14/2004,9/27/2004
IL,39,54,Research 2000,lv,800,9/14/2004,9/16/2004
PA,46,47,ARG,lv,600,9/15/2004,9/19/2004
NH,47,45,ARG,lv,600,9/15/2004,9/17/2004
AR,48,45,ARG,lv,600,9/15/2004,9/17/2004
OK,55,38,ARG,lv,600,9/15/2004,9/20/2004
KS,57,35,ARG,lv,600,9/15/2004,9/18/2004
WI,52,38,Badger Poll,rv,504,9/15/2004,9/21/2004
MI,44,48,EPIC/MRA,lv,600,9/15/2004,9/19/2004
NM,47,43,Mason-Dixon,lv,625,9/15/2004,9/16/2004
NH,45,51,Rasmussen,lv,500,9/15/2004,9/15/2004
WI,53,43,ABC News,lv,938,9/16/2004,9/19/2004
TN,50,43,ARG,lv,600,9/16/2004,9/18/2004
MO,50,44,ARG,lv,600,9/16/2004,9/19/2004
IN,54,39,ARG,lv,600,9/16/2004,9/20/2004
TX,58,36,ARG,lv,600,9/16/2004,9/20/2004
IA,50,44,CNN/USAT/Gallup,lv,631,9/16/2004,9/19/2004
NJ,48,48,Quinnipiac,lv,672,9/16/2004,9/19/2004
CO,46,45,Rasmussen,lv,500,9/16/2004,9/16/2004
TN,49,43,Rasmussen,lv,500,9/16/2004,9/29/2004
WV,50,44,Rasmussen,lv,500,9/16/2004,9/16/2004
WA,42,51,AP/Ipsos,rv,406,9/17/2004,9/20/2004
MI,40,48,ARG,lv,600,9/17/2004,9/21/2004
FL,45,46,ARG,lv,600,9/17/2004,9/20/2004
OH,48,46,ARG,lv,600,9/17/2004,9/20/2004
LA,50,42,ARG,lv,600,9/17/2004,9/21/2004
IL,40,49,Chi Trib/WGN,lv,700,9/17/2004,9/20/2004
WA,38,52,Elway Poll,rv,405,9/17/2004,9/19/2004
WV,51,45,Gallup,lv,619,9/17/2004,9/20/2004
CA,40,53,LA Times,lv,861,9/17/2004,9/21/2004
PA,47,49,Philly Inquirer,lv,1133,9/17/2004,9/24/2004
MD,48,48,SurveyUSA,lv,598,9/17/2004,9/19/2004
OK,64,24,Wilson Research,lv,500,9/17/2004,9/20/2004
FL,49,46,Gallup,lv,674,9/18/2004,9/22/2004
NV,52,43,Gallup,lv,534,9/18/2004,9/21/2004
FL,49,41,Quinnipiac,rv,819,9/18/2004,9/21/2004
MN,46,46,Rasmussen,lv,500,9/18/2004,9/24/2004
RI,37,55,SurveyUSA,lv,705,9/18/2004,9/20/2004
NY,39,55,SurveyUSA,lv,582,9/18/2004,9/20/2004
CA,40,53,Rasmussen,lv,848,9/19/2004,9/25/2004
IA,47,45,Research 2000,lv,602,9/19/2004,9/21/2004
WA,46,51,SurveyUSA,lv,627,9/19/2004,9/21/2004
TX,58,37,SurveyUSA,lv,642,9/19/2004,9/21/2004
OR,48,47,SUSA,lv,747,9/19/2004,9/21/2004
SC,58,38,SUSA,lv,684,9/19/2004,9/21/2004
OR,43,53,Zogby,lv,430,9/2/2004,9/2/2004
NV,48,44,BR&S/LV Sun,lv,600,9/20/2004,9/28/2004
MT,54,36,Mason-Dixon,lv,625,9/20/2004,9/22/2004
MI,43,45,MRG,rv,600,9/20/2004,9/24/2004
OR,43,50,Research 2000,lv,600,9/20/2004,9/23/2004
NH,46,46,Research 2000,lv,600,9/20/2004,9/23/2004
NC,50,44,Research 2000,lv,600,9/20/2004,9/22/2004
NY,31,51,Siena,rv,1121,9/20/2004,9/23/2004
CA,43,48,Strategic Vision,lv,801,9/20/2004,9/22/2004
WA,45,47,Strategic Vision,lv,801,9/20/2004,9/22/2004
TN,55,41,SurveyUSA,lv,601,9/20/2004,9/22/2004
OK,64,33,SurveyUSA,lv,617,9/20/2004,9/22/2004
ME,47,46,SUSA,lv,636,9/20/2004,9/22/2004
IA,50,46,SUSA,lv,784,9/20/2004,9/22/2004
MI,44,46,Fox News,lv,800,9/21/2004,9/22/2004
PA,45,48,Fox News,lv,800,9/21/2004,9/22/2004
IA,48,45,Fox News,lv,800,9/21/2004,9/22/2004
OH,48,44,Fox News,lv,800,9/21/2004,9/22/2004
CO,52,44,SurveyUSA,lv,626,9/21/2004,9/23/2004
VA,53,42,SurveyUSA,lv,744,9/21/2004,9/23/2004
AZ,54,43,SurveyUSA,lv,631,9/21/2004,9/23/2004
OH,51,44,Columbus Dispatch,rv,2859,9/22/2004,10/1/2004
WI,50,40,Harris,lv,801,9/22/2004,9/26/2004
PA,46,49,Quinnipiac,lv,726,9/22/2004,9/26/2004
MO,51,45,Rasmussen,lv,400,9/22/2004,10/5/2004
DE,38,45,WHYY-TV,rv,590,9/22/2004,9/25/2004
NJ,44,45,FDU Public Mind,lv,489,9/23/2004,9/28/2004
AZ,52,42,KAET,rv,553,9/23/2004,9/26/2004
MI,46,46,Rasmussen,lv,400,9/23/2004,9/29/2004
NV,47,45,Rasmussen,lv,500,9/23/2004,9/23/2004
NC,54,42,Rasmussen,lv,500,9/23/2004,9/29/2004
ME,39,42,Strategic Mktg Svs,lv,400,9/23/2004,9/27/2004
FL,52,43,Gallup,lv,704,9/24/2004,9/27/2004
OR,45,47,KATU-TV,rv,624,9/24/2004,9/27/2004
VA,49,43,Mason-Dixon,lv,625,9/24/2004,9/27/2004
NJ,44,44,Strategic Vision,lv,801,9/24/2004,9/26/2004
OH,52,42,Strategic Vision,lv,801,9/24/2004,9/26/2004
OK,57,31,Wilson Research,lv,500,9/24/2004,9/26/2004
PA,49,46,Gallup,lv,654,9/25/2004,9/28/2004
OH,49,47,Gallup,lv,664,9/25/2004,9/28/2004
MA,36,50,Merrimack,a,805,9/25/2004,10/5/2004
PA,47,47,Rasmussen,lv,578,9/25/2004,10/1/2004
OH,48,47,Rasmussen,lv,597,9/25/2004,10/2/2004
WI,49,42,Strategic Vision,lv,801,9/25/2004,9/27/2004
GA,58,33,Strategic Vision,lv,801,9/25/2004,9/27/2004
NC,52,43,Mason-Dixon,lv,625,9/26/2004,9/28/2004
CT,44,50,Quinnipiac,lv,723,9/26/2004,9/28/2004
NJ,44,53,Rasmussen,lv,400,9/26/2004,10/10/2004
MI,42,48,Strategic Vision,lv,801,9/26/2004,9/29/2004
MN,46,47,Strategic Vision,lv,801,9/26/2004,9/30/2004
PA,44,45,Mason-Dixon,lv,625,9/27/2004,9/28/2004
SC,55,37,Mason-Dixon,lv,625,9/27/2004,9/29/2004
AL,59,22,Mobile Register,lv,519,9/27/2004,9/30/2004
IA,46,50,Rasmussen,lv,400,9/27/2004,10/10/2004
FL,51,47,Rasmussen,lv,781,9/27/2004,10/2/2004
CA,42,48,SJSU,lv,600,9/27/2004,10/1/2004
PA,48,45,Strategic Vision,lv,801,9/27/2004,9/29/2004
IA,49,44,Strategic Vision,lv,801,9/27/2004,9/29/2004
AR,53,44,SUSA,lv,579,9/27/2004,9/29/2004
NH,50,45,UNH Granite Poll,lv,538,9/27/2004,10/3/2004
IA,46,47,UofM HHI,lv,599,9/27/2004,10/3/2004
SD,50,37,KELO,rv,800,9/29/2004,9/29/2004
CA,42,53,Rasmussen,lv,864,9/29/2004,10/5/2004
CO,48,44,Rasmussen,lv,500,9/29/2004,9/29/2004
OK,64,30,Rasmussen,lv,500,9/29/2004,9/29/2004
AZ,54,38,Arizona Republic,lv,600,9/3/2004,9/5/2004
WA,44,52,CNN/USAT/Gallup,lv,646,9/3/2004,9/6/2004
MO,55,41,CNN/USAT/Gallup,lv,686,9/3/2004,9/6/2004
AL,53,42,Rasmussen,lv,416,9/3/2004,9/14/2004
NJ,39,43,Star-Ledger,rv,738,9/3/2004,9/7/2004
OK,61,30,Wilson Research,lv,500,9/3/2004,9/5/2004
CA,40,49,Field Poll,lv,586,9/30/2004,10/3/2004
PA,43,49,Keystone,lv,594,9/30/2004,10/4/2004
PA,48,47,CNN/USAT/Gallup,lv,718,9/4/2004,9/7/2004
OH,52,43,CNN/USAT/Gallup,lv,661,9/4/2004,9/7/2004
NC,55,42,Rasmussen,lv,445,9/4/2004,9/10/2004
WA,45,47,Strategic Vision,lv,801,9/5/2004,9/8/2004
UT,65,25,Deseret News,rv,915,9/6/2004,9/9/2004
PA,49,48,Rasmussen,lv,526,9/6/2004,9/12/2004
NC,50,46,SurveyUSA,lv,587,9/6/2004,9/8/2004
OH,50,47,SurveyUSA,lv,709,9/6/2004,9/8/2004
CA,42,52,SUSA,lv,598,9/6/2004,9/8/2004
HI,41,51,ARG,lv,600,9/7/2004,9/11/2004
MD,43,52,ARG,lv,600,9/7/2004,9/9/2004
MT,60,32,ARG,lv,600,9/7/2004,9/9/2004
SC,54,38,Harrison-Hickman,lv,600,9/7/2004,9/9/2004
NY,41,47,Quinnipiac,lv,929,9/7/2004,9/12/2004
IN,54,38,Research 2000,lv,600,9/7/2004,9/9/2004
MN,41,50,Star-Tribune,lv,1035,9/7/2004,9/13/2004
PA,47,49,SurveyUSA,lv,697,9/7/2004,9/9/2004
MO,48,46,SurveyUSA,lv,660,9/7/2004,9/9/2004
KY,56,39,SurveyUSA,lv,665,9/7/2004,9/9/2004
KS,60,35,SurveyUSA,lv,604,9/7/2004,9/9/2004
IN,60,36,SurveyUSA,lv,692,9/7/2004,9/9/2004
ME,44,48,ARG,lv,600,9/8/2004,9/10/2004
KY,57,39,ARG,lv,600,9/8/2004,9/12/2004
SD,58,39,ARG,lv,600,9/8/2004,9/12/2004
ID,59,30,ARG,lv,600,9/8/2004,9/10/2004
PA,49,49,Keystone,rv,491,9/8/2004,9/15/2004
SD,54,41,Rasmussen,lv,500,9/8/2004,9/8/2004
VT,40,50,ARG,lv,600,9/9/2004,9/12/2004
WA,44,51,ARG,lv,600,9/9/2004,9/13/2004
AK,57,30,ARG,lv,600,9/9/2004,9/11/2004
NE,61,30,ARG,lv,600,9/9/2004,9/12/2004
ND,62,33,ARG,lv,600,9/9/2004,9/12/2004
WY,65,29,ARG,lv,600,9/9/2004,9/11/2004
MI,44,50,CNN/USAT/Gallup,lv,673,9/9/2004,9/12/2004
WI,52,44,CNN/USAT/Gallup,lv,631,9/9/2004,9/12/2004
ME,43,43,Zogby,rv,400,9/9/2004,9/9/2004